Address,Street,COMMON,x,y
6727,REISTERSTOWN ROAD,tree of heaven,-8538865.394328257,4773234.516560729
3301,PINKNEY ROAD,tree of heaven,-8537061.609188315,4773499.058565257
5545,KENNISON AVE,tree of heaven,-8537997.78827096,4770874.589214331
5000,PIMLICO ROAD,tree of heaven,-8534785.84190524,4771925.096460034
4600,N ROGERS AVE,tree of heaven,-8537464.051208451,4771200.057367316
4600,N ROGERS AVE,tree of heaven,-8537457.701188609,4771210.922945035
4001,W GARRISON AVE,tree of heaven,-8536078.1469737,4770900.015057821
3900,W GARRISON AVE,tree of heaven,-8536024.586521883,4770998.836844298
3306,SPAULDING AVE,tree of heaven,-8535608.528695092,4771527.895487086
2811,RUSCOMBE LANE,tree of heaven,-8534235.372364152,4771620.129441665
4923,EDGEMERE AVE,tree of heaven,-8535321.251272364,4771193.660784321
3637,WOODLAND AVE,tree of heaven,-8535387.271994418,4770418.424528767
4108,ELDERON AVE,tree of heaven,-8536867.264775958,4770827.025666112
2318,OSWEGO AVE,tree of heaven,-8533525.039801857,4770110.508735614
6602,PARR AVE,tree of heaven,-8539380.44671455,4772265.320721843
6602,PARR AVE,tree of heaven,-8539387.11421191,4772259.07648803
2539,QUANTICO AVE,tree of heaven,-8533860.509743214,4770189.790553
3518,WOODLAND AVE,tree of heaven,-8535262.234808827,4770769.398530836
6110,OAKLEAF AVE,tree of heaven,-8538279.864292279,4772086.914637904
6110,OAKLEAF AVE,tree of heaven,-8538342.808637345,4772134.063287423
6601,BRIGHTON AVE,tree of heaven,-8539390.289204506,4772255.901478512
6503,ARMSTRONG AVE,tree of heaven,-8539079.74922407,4772238.909105211
4301,PARK HEIGHTS AVE,tree of heaven,-8534326.022766436,4770267.888608299
3025,W COLD SPRING LANE,tree of heaven,-8535128.593314525,4770026.651609483
3101,GRANTLEY AVE,tree of heaven,-8534716.151648816,4770028.8409189535
2900,BOARMAN AVE,tree of heaven,-8534857.03494291,4770079.926562323
2900,BOARMAN AVE,tree of heaven,-8534856.955495415,4770080.402845149
3705,PARK HEIGHTS AVE,tree of heaven,-8533734.263089646,4769188.751636059
3445,COTTAGE AVE,tree of heaven,-8533445.483299538,4768700.665225054
3300,TOWANDA AVE,tree of heaven,-8533812.812963067,4768249.496154685
3200,REISTERSTOWN ROAD,tree of heaven,-8533368.868901307,4768113.923731913
2332,OCALA AVE,tree of heaven,-8533318.747186499,4767618.20813238
5000,W FOREST PARK AVE,tree of heaven,-8538544.760651743,4767479.305534416
5000,W FOREST PARK AVE,tree of heaven,-8538545.448589671,4767479.420283569
3310,TOWANDA AVE,tree of heaven,-8533870.044651499,4768329.902445324
3310,TOWANDA AVE,tree of heaven,-8533920.368395867,4768389.036842722
3310,TOWANDA AVE,tree of heaven,-8533922.035315186,4768392.37059334
3310,TOWANDA AVE,tree of heaven,-8533888.062777061,4768353.556285692
3310,TOWANDA AVE,tree of heaven,-8533889.8883698,4768357.128089453
3310,TOWANDA AVE,tree of heaven,-8533875.204025626,4768337.522452858
3310,TOWANDA AVE,tree of heaven,-8533898.064084303,4768366.256223086
3310,TOWANDA AVE,tree of heaven,-8533862.583458005,4768321.885641025
3310,TOWANDA AVE,tree of heaven,-8533862.742146596,4768322.1236999575
2718,BOWERS AVE,tree of heaven,-8539172.951311035,4768499.023394981
2810,HILLDALE AVE,tree of heaven,-8533772.529254785,4768673.077649445
2817,ROCKROSE AVE,tree of heaven,-8533925.879334766,4768868.792327689
3301,TOWANDA AVE,tree of heaven,-8533694.66241305,4768569.969596182
3301,TOWANDA AVE,tree of heaven,-8533650.767996022,4768595.369523121
3301,TOWANDA AVE,tree of heaven,-8533691.328647442,4768571.715862206
5511,ROBINWOOD AVE,tree of heaven,-8539060.458120896,4768530.883524008
2817,ROCKROSE AVE,tree of heaven,-8533926.593669318,4768869.4273157185
5926,SMITH AVE,tree of heaven,-8533377.123733692,4774709.1342942035
2424,W ROGERS AVE,tree of heaven,-8534948.771520637,4772924.058754143
2424,W ROGERS AVE,tree of heaven,-8534870.148843091,4772933.061668085
2412,W ROGERS AVE,tree of heaven,-8534706.239640322,4772949.016055301
5725,PIMLICO ROAD,tree of heaven,-8535006.80187413,4773644.486227894
5735,PIMLICO ROAD,tree of heaven,-8535032.197396131,4773734.669393065
4500,FALLS ROAD,tree of heaven,-8531589.296608118,4771027.97193876
325,W 23RD ST,tree of heaven,-8529505.81292751,4766811.124338898
2516,DRUID PARK DR,tree of heaven,-8533300.114402022,4768801.619138637
2518,DRUID PARK DR,tree of heaven,-8533297.177568734,4768782.092946624
2416,W ROGERS AVE,tree of heaven,-8534779.507170968,4772857.395300187
2424,W ROGERS AVE,tree of heaven,-8534906.612982485,4772881.789842545
2424,W ROGERS AVE,tree of heaven,-8534781.782703029,4772857.712862644
3100,N CHARLES ST,tree of heaven,-8529324.088122932,4768111.750763834
1130,W 43RD ST,tree of heaven,-8531375.100524154,4770447.397923556
5803,GREENSPRING AVE,tree of heaven,-8534841.02281809,4773898.7286252035
5826,GREENSPRING AVE,tree of heaven,-8535177.797614207,4773959.648921086
5824,GREENSPRING AVE,tree of heaven,-8535172.558828972,4773980.868462377
5826,GREENSPRING AVE,tree of heaven,-8535166.949620266,4773962.241735003
5824,GREENSPRING AVE,tree of heaven,-8535150.598468026,4773969.755892884
5800,CROSS COUNTRY BLVD,tree of heaven,-8534262.886581901,4774249.455670474
5800,CROSS COUNTRY BLVD,tree of heaven,-8534272.199866114,4774270.763393037
4401,FALLS ROAD,tree of heaven,-8531476.736728484,4770790.663236432
4401,FALLS ROAD,tree of heaven,-8531485.52088562,4770788.123145621
245,W 31ST ST,tree of heaven,-8529541.636373429,4768280.232967754
711,W 40TH ST,tree of heaven,-8530581.242009742,4770025.462755095
711,W 40TH ST,tree of heaven,-8530584.73438245,4770049.910198203
711,W 40TH ST,tree of heaven,-8530580.448149405,4769951.564697605
1040,W 43RD ST,tree of heaven,-8531112.421896085,4770559.282497979
1040,W 43RD ST,tree of heaven,-8531110.622779528,4770559.758766399
1040,W 43RD ST,tree of heaven,-8531076.015198799,4770568.648715307
4900,WETHEREDSVILLE ROAD,tree of heaven,-8538589.864057329,4767219.197457272
2025,CARTERDALE ROAD,tree of heaven,-8533611.85640483,4773497.750565559
2025,CARTERDALE ROAD,tree of heaven,-8533598.733016534,4773496.480555803
2012,W ROGERS AVE,tree of heaven,-8533493.993408434,4773470.74981807
5415,GREENSPRING AVE,tree of heaven,-8534310.450253528,4773065.436036105
2025,CARTERDALE ROAD,tree of heaven,-8533606.353042092,4773497.04503046
2012,W ROGERS AVE,tree of heaven,-8533499.778900206,4773470.749811332
4921,WINDSOR MILL ROAD,tree of heaven,-8538263.017542275,4765735.568969366
4921,WINDSOR MILL ROAD,tree of heaven,-8538262.858890766,4765737.315178176
4921,WINDSOR MILL ROAD,tree of heaven,-8538260.953831341,4765733.408142177
4921,WINDSOR MILL ROAD,tree of heaven,-8538262.170871506,4765734.457675607
3100,N CHARLES ST,tree of heaven,-8529811.754139297,4768212.78369095
3100,N CHARLES ST,tree of heaven,-8529818.421594849,4768207.624317229
3100,N CHARLES ST,tree of heaven,-8529810.40467914,4768209.846877325
2211,W ROGERS AVE,tree of heaven,-8533820.206669385,4773172.066337673
901,W 33RD ST,tree of heaven,-8530557.706895202,4768583.1192551255
5603,ROXBURY PL,tree of heaven,-8533369.209862614,4773815.649091675
2101,W ROGERS AVE,tree of heaven,-8533653.001763977,4773215.802357054
3912,FALLS ROAD,tree of heaven,-8531194.385653384,4769870.128142501
2101,W ROGERS AVE,tree of heaven,-8533653.200826135,4773220.380674493
1435,UNION AVE,tree of heaven,-8531474.218820952,4769374.283225592
3845,QUARRY AVE,tree of heaven,-8531176.129409669,4769762.442857139
3100,N CHARLES ST,tree of heaven,-8530058.878354328,4768095.324357757
3100,N CHARLES ST,tree of heaven,-8529783.55099185,4769886.131375715
3100,N CHARLES ST,tree of heaven,-8529781.831196774,4769887.965831694
3429,ASH ST,tree of heaven,-8531474.69677211,4768738.378582874
947,AISQUITH ST,tree of heaven,-8527202.394992078,4764942.643175556
1803,GUILFORD AVE,tree of heaven,-8528404.503888628,4766224.598485156
101,E MOUNT ROYAL AVE,tree of heaven,-8528603.566497527,4765560.211331862
1312,GUILFORD AVE,tree of heaven,-8528470.61330928,4765571.800039391
1329,WILCOX ST,tree of heaven,-8527550.73780594,4765597.004379688
816,MADISON AVE,tree of heaven,-8529620.178822592,4764626.814739279
900,MADISON AVE,tree of heaven,-8529677.556525372,4764670.945330834
606,N PACA ST,tree of heaven,-8529798.2814689,4764133.264381138
606,N PACA ST,tree of heaven,-8529804.102304686,4764139.349803528
606,N PACA ST,tree of heaven,-8529776.479823802,4764110.616064326
606,N PACA ST,tree of heaven,-8529794.630194835,4764129.983506521
606,N PACA ST,tree of heaven,-8529802.567778362,4764138.34435706
606,N PACA ST,tree of heaven,-8529801.826822756,4764137.074367952
606,N PACA ST,tree of heaven,-8529631.941344256,4764068.8698271895
606,N PACA ST,tree of heaven,-8529804.790241953,4764139.984813386
606,N PACA ST,tree of heaven,-8529788.59774109,4764123.580672455
606,N PACA ST,tree of heaven,-8529800.080594964,4764135.328206178
1004,E CHASE ST,tree of heaven,-8527436.81117602,4765122.439022029
1002,HARFORD AVE,tree of heaven,-8527552.146317946,4765043.280694812
1002,HARFORD AVE,tree of heaven,-8527547.860064493,4765043.439436007
1002,HARFORD AVE,tree of heaven,-8527498.48890435,4764981.844478658
1002,HARFORD AVE,tree of heaven,-8527474.120751683,4765075.5070092995
1002,HARFORD AVE,tree of heaven,-8527554.765765036,4765043.360124487
2201,HAWKINS POINT ROAD,tree of heaven,-8524410.892755283,4751303.717309171
3901,CURTIS AVE,tree of heaven,-8525636.746774752,4754568.046742154
4000,FORT ARMISTEAD ROAD,tree of heaven,-8519633.305087615,4751782.998808734
5003,PENNINGTON AVE,tree of heaven,-8525730.835211966,4753354.573975502
1616,PLUM ST,tree of heaven,-8525704.962889908,4754452.4658363
4416,CURTIS AVE,tree of heaven,-8525631.06710708,4754013.941403788
4201,GRACE CT,tree of heaven,-8525674.168948049,4754324.899323813
4606,PRUDENCE ST,tree of heaven,-8526133.299216414,4753800.822534473
1505,FILBERT ST,tree of heaven,-8525917.245467028,4753972.645997333
1503,ELMTREE ST,tree of heaven,-8525911.657328935,4753863.52344341
1511,ELMTREE ST,tree of heaven,-8525882.367944207,4753865.666483167
4701,FAIRHAVEN AVE,tree of heaven,-8525930.409393549,4753744.76322184
1311,E LOMBARD ST,tree of heaven,-8526958.426655157,4763319.408885709
900,DRUID PARK LAKE DR,tree of heaven,-8531511.292166784,4767036.075791351
900,DRUID PARK LAKE DR,tree of heaven,-8532513.40741331,4767681.221877396
900,DRUID PARK LAKE DR,tree of heaven,-8532773.864238428,4767814.809969813
900,DRUID PARK LAKE DR,tree of heaven,-8532782.936364785,4767742.029485909
900,DRUID PARK LAKE DR,tree of heaven,-8530807.695258362,4767684.706269709
900,DRUID PARK LAKE DR,tree of heaven,-8530791.18535308,4767686.135071102
900,DRUID PARK LAKE DR,tree of heaven,-8530842.091079528,4767672.310527987
900,DRUID PARK LAKE DR,tree of heaven,-8530811.346559606,4767684.150683798
900,DRUID PARK LAKE DR,tree of heaven,-8530846.059816394,4767670.881833775
900,DRUID PARK LAKE DR,tree of heaven,-8530804.361552708,4767686.611249705
900,DRUID PARK LAKE DR,tree of heaven,-8530641.105260871,4767604.506396917
900,DRUID PARK LAKE DR,tree of heaven,-8530809.124105968,4767685.341304374
900,DRUID PARK LAKE DR,tree of heaven,-8530845.954062518,4767672.310529898
900,DRUID PARK LAKE DR,tree of heaven,-8530861.020996163,4767704.328822434
900,DRUID PARK LAKE DR,tree of heaven,-8533192.912714867,4767969.152268385
900,DRUID PARK LAKE DR,tree of heaven,-8533187.67400856,4767955.288216153
900,DRUID PARK LAKE DR,tree of heaven,-8533335.770015266,4768163.753259837
2025,E BALTIMORE ST,tree of heaven,-8525751.65019724,4763540.481724732
701,S ANN ST,tree of heaven,-8526089.709116615,4762358.120979027
901,JACK ST,tree of heaven,-8527033.5934401,4754817.522365337
835,JACK ST,tree of heaven,-8527045.65838784,4754832.021579378
504,E JEFFREY ST,tree of heaven,-8527537.939636687,4755224.091846302
3800,LEADENHALL ST,tree of heaven,-8528599.800029544,4755627.190877147
1301,E PATAPSCO AVE,tree of heaven,-8526205.111805292,4755072.425474874
3725,FAIRHAVEN AVE,tree of heaven,-8526006.708662271,4754786.154561393
1301,E PATAPSCO AVE,tree of heaven,-8526205.64087355,4755077.717138714
1507,PLUM ST,tree of heaven,-8525913.105366321,4754416.893664681
3725,FAIRHAVEN AVE,tree of heaven,-8526006.285336703,4754788.271263215
424,WINSTON AVE,tree of heaven,-8528297.221030816,4771941.118690313
401,E COLD SPRING LANE,tree of heaven,-8528254.08832383,4771356.00542511
4125,AUDREY AVE,tree of heaven,-8527529.301240692,4754664.36620556
441,ROSEBANK AVE,tree of heaven,-8528340.03867743,4773794.4349715095
4712,CLUB ROAD,tree of heaven,-8531848.003448557,4772296.97729974
4712,CLUB ROAD,tree of heaven,-8531844.563848471,4772266.823638501
4712,CLUB ROAD,tree of heaven,-8531844.105249658,4772265.791725368
226,N GREENE ST,tree of heaven,-8529780.578112705,4763673.056133813
3834,10TH ST,tree of heaven,-8526779.234070206,4754886.238038403
4712,CLUB ROAD,tree of heaven,-8531847.659551308,4772294.913515138
4712,CLUB ROAD,tree of heaven,-8531751.678348253,4771832.860965864
4712,CLUB ROAD,tree of heaven,-8531756.4938213,4771838.875821018
4712,CLUB ROAD,tree of heaven,-8531755.805809623,4771840.939474719
4712,CLUB ROAD,tree of heaven,-8531791.233496362,4771998.128420617
4712,CLUB ROAD,tree of heaven,-8531817.145053161,4772110.946642257
536,PONTIAC AVE,tree of heaven,-8527454.159225067,4755465.037133118
201,REEDBIRD AVE,tree of heaven,-8528986.362722492,4757156.087386335
5901,N CHARLES ST,tree of heaven,-8529946.44487328,4774780.27998059
500,PONTIAC AVE,tree of heaven,-8527540.689334743,4755514.973261832
500,PONTIAC AVE,tree of heaven,-8527541.641877208,4755513.465046162
5901,N CHARLES ST,tree of heaven,-8529958.717086716,4774923.39439432
4909,FALLS ROAD TERR,tree of heaven,-8531845.939962443,4772305.404495516
3819,S HANOVER ST,tree of heaven,-8528242.227030592,4755515.106098451
1200,TOWSON ST,tree of heaven,-8525999.978971839,4760741.30639513
1200,TOWSON ST,tree of heaven,-8525999.66152166,4760742.655670312
201,REEDBIRD AVE,tree of heaven,-8528814.789229987,4757375.944872042
201,REEDBIRD AVE,tree of heaven,-8528811.138061706,4757376.182966796
201,REEDBIRD AVE,tree of heaven,-8528812.090476979,4757373.563512849
201,REEDBIRD AVE,tree of heaven,-8528943.950956484,4757260.71015412
201,CHESAPEAKE AVE,tree of heaven,-8527837.466858631,4756160.385703581
201,CHESAPEAKE AVE,tree of heaven,-8527835.641335344,4756160.147614078
201,CHESAPEAKE AVE,tree of heaven,-8527830.561260806,4756158.956929287
3505,4TH ST,tree of heaven,-8527499.463458436,4755958.190972195
3505,4TH ST,tree of heaven,-8527498.475685114,4755960.589825443
3701,S HANOVER ST,tree of heaven,-8528165.598622981,4755722.3483980745
3724,2ND ST,tree of heaven,-8528164.910229646,4755576.834819253
601,CHESAPEAKE AVE,tree of heaven,-8527121.45686,4756061.571837574
601,CHESAPEAKE AVE,tree of heaven,-8527121.959508259,4756073.13410483
500,BALTIC AVE,tree of heaven,-8527289.587932209,4756156.101672078
500,BALTIC AVE,tree of heaven,-8527288.794106932,4756158.244792813
212,MAUDE AVE,tree of heaven,-8527681.753024759,4756139.604174226
204,MAUDE AVE,tree of heaven,-8527714.409454372,4756137.543305401
5901,N CHARLES ST,tree of heaven,-8529829.838956192,4774838.728929521
5901,N CHARLES ST,tree of heaven,-8529930.81806277,4774782.852398645
3437,6TH ST,tree of heaven,-8527161.355896361,4755984.82939491
3426,6TH ST,tree of heaven,-8527167.527687281,4756123.180578557
3439,6TH ST,tree of heaven,-8527164.742563693,4755975.374933912
3439,6TH ST,tree of heaven,-8527163.108247727,4755965.29318048
2913,WATERVIEW AVE,tree of heaven,-8530370.826118875,4758635.731187028
2913,WATERVIEW AVE,tree of heaven,-8530372.096122548,4758633.349933945
4,UPLAND ROAD,tree of heaven,-8531100.25370563,4772181.742569442
2913,WATERVIEW AVE,tree of heaven,-8530614.454467548,4758719.494612455
2913,WATERVIEW AVE,tree of heaven,-8530372.254854184,4758631.444988027
2913,WATERVIEW AVE,tree of heaven,-8530498.090718089,4758755.768981402
2913,WATERVIEW AVE,tree of heaven,-8530541.191346172,4758729.4164716415
2913,WATERVIEW AVE,tree of heaven,-8530620.090075862,4758712.985788388
2913,WATERVIEW AVE,tree of heaven,-8530631.758167403,4758704.651465108
4,UPLAND ROAD,tree of heaven,-8531095.455903294,4772193.45467978
4,UPLAND ROAD,tree of heaven,-8531101.241533367,4772168.478111749
4,UPLAND ROAD,tree of heaven,-8531093.90378467,4772190.914701165
4,UPLAND ROAD,tree of heaven,-8531100.677037787,4772175.533689759
4,UPLAND ROAD,tree of heaven,-8531096.72589318,4772190.350257036
4,UPLAND ROAD,tree of heaven,-8531099.830449035,4772178.496905774
4,UPLAND ROAD,tree of heaven,-8531094.327065632,4772187.810262257
1600,DESOTO ROAD,tree of heaven,-8533626.269123226,4759921.051926981
2834,WASHINGTON BLVD,tree of heaven,-8533466.175180214,4759319.143532281
3301,WATERVIEW AVE,tree of heaven,-8529349.784903489,4758293.546730721
3301,WATERVIEW AVE,tree of heaven,-8529351.372294093,4758292.276658245
1600,DESOTO ROAD,tree of heaven,-8533424.699685505,4759806.9266536
3301,WATERVIEW AVE,tree of heaven,-8529425.596734043,4758317.967685438
3301,WATERVIEW AVE,tree of heaven,-8529331.581454452,4758337.343990757
1200,TOWSON ST,tree of heaven,-8526013.631469924,4760750.672587293
1200,TOWSON ST,tree of heaven,-8526006.567139164,4760747.576937343
1200,TOWSON ST,tree of heaven,-8526003.233338745,4760748.132614063
1802,DESOTO ROAD,tree of heaven,-8533256.763068639,4759721.440402573
2602,CARROLL ST,tree of heaven,-8532973.826597074,4759617.520933594
1800,DESOTO ROAD,tree of heaven,-8533303.432393577,4759715.534108754
2810,INDIANA ST,tree of heaven,-8530950.785861526,4759074.38261287
1605,SPENCE ST,tree of heaven,-8532998.78021509,4760495.285585681
2801,JOPLEA AVE,tree of heaven,-8529963.24353229,4757741.828567793
2761,WEGWORTH LANE,tree of heaven,-8531739.742719838,4758379.730069363
399,E PRATT ST,tree of heaven,-8528534.269967942,4762407.700807384
900,DRUID PARK LAKE DR,tree of heaven,-8533425.23442602,4768426.38483524
900,DRUID PARK LAKE DR,tree of heaven,-8533273.795877893,4768214.012711498
900,DRUID PARK LAKE DR,tree of heaven,-8533245.855881602,4768194.010268205
900,DRUID PARK LAKE DR,tree of heaven,-8533445.527941976,4768359.19841407
900,DRUID PARK LAKE DR,tree of heaven,-8533043.813495418,4768479.323860525
900,DRUID PARK LAKE DR,tree of heaven,-8533264.667756341,4768228.062199505
1926,ALICEANNA ST,tree of heaven,-8525863.400157599,4762401.671881838
900,DRUID PARK LAKE DR,tree of heaven,-8531609.114217993,4767926.249843292
900,DRUID PARK LAKE DR,tree of heaven,-8533094.21160859,4768845.135206963
900,DRUID PARK LAKE DR,tree of heaven,-8533014.006768998,4768969.724968429
424,S CAROLINE ST,tree of heaven,-8526736.6164706,4762564.2573109735
900,DRUID PARK LAKE DR,tree of heaven,-8531135.679317897,4768195.082721867
900,DRUID PARK LAKE DR,tree of heaven,-8530994.406033663,4767822.357307967
900,DRUID PARK LAKE DR,tree of heaven,-8530849.104889276,4767982.168179672
900,DRUID PARK LAKE DR,tree of heaven,-8531099.383028077,4767698.901051824
828,S BOND ST,tree of heaven,-8526601.02405008,4762091.608585414
900,DRUID PARK LAKE DR,tree of heaven,-8531181.535293795,4768150.433852134
900,DRUID PARK LAKE DR,tree of heaven,-8531170.41405377,4768216.015257421
900,DRUID PARK LAKE DR,tree of heaven,-8532190.659299724,4767810.818537079
900,DRUID PARK LAKE DR,tree of heaven,-8531319.34747727,4767921.8647421645
900,DRUID PARK LAKE DR,tree of heaven,-8531404.026864808,4767872.028617189
900,DRUID PARK LAKE DR,tree of heaven,-8531977.40916474,4768122.686932114
900,DRUID PARK LAKE DR,tree of heaven,-8531953.87891299,4768128.384371218
900,DRUID PARK LAKE DR,tree of heaven,-8532062.082324736,4768217.337766139
900,DRUID PARK LAKE DR,tree of heaven,-8532186.891060453,4768127.090257302
900,DRUID PARK LAKE DR,tree of heaven,-8531348.14492786,4768381.613346524
2001,RACE ST,tree of heaven,-8528820.29377496,4759883.472388037
200,W HAMBURG ST,tree of heaven,-8529154.610878153,4761756.150347971
200,W HAMBURG ST,tree of heaven,-8529155.484013824,4761742.735939379
200,W HAMBURG ST,tree of heaven,-8529153.340994943,4761760.357255633
150,W HAMBURG ST,tree of heaven,-8528890.4038129,4761574.326791955
150,W HAMBURG ST,tree of heaven,-8528890.28907616,4761566.415738077
150,W HAMBURG ST,tree of heaven,-8528890.747697487,4761571.231140601
1701,S CHARLES ST,tree of heaven,-8528591.085518064,4760477.574403339
1701,S CHARLES ST,tree of heaven,-8528600.769225275,4760477.415694626
1701,S CHARLES ST,tree of heaven,-8528588.704265479,4760477.574386874
1701,S CHARLES ST,tree of heaven,-8528598.943532936,4760477.336311626
1701,S CHARLES ST,tree of heaven,-8528597.673558485,4760477.415624094
801,W WEST ST,tree of heaven,-8530187.29623068,4761649.27588474
1120,SCOTT ST,tree of heaven,-8530271.647328334,4761767.527480662
1201,WICOMICO ST,tree of heaven,-8530526.17333852,4761185.908429884
1201,WICOMICO ST,tree of heaven,-8530524.268316044,4761183.58013059
1301,BUSH ST,tree of heaven,-8531140.302774383,4761493.131302721
1800,BAYARD ST,tree of heaven,-8530495.789547397,4761128.6820293665
2132,MAISEL ST,tree of heaven,-8532016.97369896,4759855.16564666
1915,HOLLINS FERRY ROAD,tree of heaven,-8532382.158837631,4760388.780237598
2110,HAINES ST,tree of heaven,-8529988.998602327,4760551.588387281
2110,HAINES ST,tree of heaven,-8529984.976929974,4760546.0850796355
2110,HAINES ST,tree of heaven,-8529984.183169419,4760540.899298372
301,E RANDALL ST,tree of heaven,-8528084.561211053,4760570.974882642
2801,HARFORD ROAD,tree of heaven,-8525015.184216488,4767514.512755631
2801,HARFORD ROAD,tree of heaven,-8525029.290354947,4767491.3939720355
2801,HARFORD ROAD,tree of heaven,-8525023.117448054,4767503.078467879
2801,HARFORD ROAD,tree of heaven,-8525017.155531876,4767504.568916092
1400,E EAGER ST,tree of heaven,-8526987.37277389,4765041.327911613
3000,E MADISON ST,tree of heaven,-8524438.17065417,4764906.548547326
3000,E MADISON ST,tree of heaven,-8524367.796524733,4764872.553128466
3000,E MADISON ST,tree of heaven,-8524363.96421272,4764861.164959335
3000,E MADISON ST,tree of heaven,-8524363.931306157,4764857.373072506
1530,MONTPELIER ST,tree of heaven,-8526824.154093824,4767869.7998075215
3000,E MADISON ST,tree of heaven,-8524067.71595173,4764924.082709818
3000,E MADISON ST,tree of heaven,-8524458.413979838,4765040.684352776
2201,N CALVERT ST,tree of heaven,-8528586.192768296,4766902.287614374
2201,N CALVERT ST,tree of heaven,-8528589.864625005,4766895.073507794
201,E 23RD ST,tree of heaven,-8528580.192480125,4766909.352503316
200,E 22ND ST,tree of heaven,-8528564.121590473,4766845.173524091
100,S LINWOOD AVE,tree of heaven,-8525173.055263162,4763415.090419439
100,S LINWOOD AVE,tree of heaven,-8524878.6805317,4763458.609436461
2601,BOSTON ST,tree of heaven,-8524835.35091659,4761878.890766726
1225,S ELLWOOD AVE,tree of heaven,-8523976.536596216,4761530.818358771
6500,PIONEER DR,tree of heaven,-8524127.759921895,4774579.594401331
100,S LINWOOD AVE,tree of heaven,-8525175.118982136,4763423.345508513
100,S LINWOOD AVE,tree of heaven,-8525177.738337936,4763425.647377524
827,MONTPELIER ST,tree of heaven,-8527743.060925351,4768281.820066054
2801,HARFORD ROAD,tree of heaven,-8525554.347900515,4767533.7679198105
2801,HARFORD ROAD,tree of heaven,-8526128.477482842,4766826.449453401
2801,HARFORD ROAD,tree of heaven,-8525869.563157212,4767732.757640305
2801,HARFORD ROAD,tree of heaven,-8526134.668723412,4766835.418740882
2801,HARFORD ROAD,tree of heaven,-8526138.558115551,4766841.21316146
827,MONTPELIER ST,tree of heaven,-8527740.78560007,4768283.513305622
3001,BOSTON ST,tree of heaven,-8523974.610215612,4761386.218688898
3001,BOSTON ST,tree of heaven,-8523899.68895558,4761373.659786085
3001,BOSTON ST,tree of heaven,-8523985.616766488,4761379.339446565
3001,BOSTON ST,tree of heaven,-8523867.198211858,4761374.188866236
3001,BOSTON ST,tree of heaven,-8523987.63646835,4761383.903527076
3001,BOSTON ST,tree of heaven,-8523683.603911392,4761410.304519632
3001,BOSTON ST,tree of heaven,-8523871.563893715,4761371.71059751
3001,BOSTON ST,tree of heaven,-8523989.594448237,4761385.438142028
3001,BOSTON ST,tree of heaven,-8523870.126298713,4761370.330360129
3001,BOSTON ST,tree of heaven,-8523683.445167145,4761409.272666761
3001,BOSTON ST,tree of heaven,-8523922.716570765,4761373.011545636
3001,BOSTON ST,tree of heaven,-8523990.970235659,4761385.9672875665
3001,BOSTON ST,tree of heaven,-8523990.811506502,4761384.538546905
3001,BOSTON ST,tree of heaven,-8523682.651376437,4761403.001991013
3001,BOSTON ST,tree of heaven,-8523924.674496222,4761375.604471373
3001,BOSTON ST,tree of heaven,-8523990.229351038,4761384.326868484
3001,BOSTON ST,tree of heaven,-8523683.603879435,4761396.493210777
3001,BOSTON ST,tree of heaven,-8523869.80870381,4761367.261218891
3001,BOSTON ST,tree of heaven,-8523927.831821838,4761375.555871369
3001,BOSTON ST,tree of heaven,-8523990.017686116,4761383.321458439
3001,BOSTON ST,tree of heaven,-8523682.095849453,4761393.715184611
3001,BOSTON ST,tree of heaven,-8523990.917238407,4761383.638905544
3001,BOSTON ST,tree of heaven,-8523869.755790303,4761366.520418956
3001,BOSTON ST,tree of heaven,-8523991.287744028,4761383.533134333
3001,BOSTON ST,tree of heaven,-8523869.385478515,4761364.350778626
3001,BOSTON ST,tree of heaven,-8523992.981065633,4761385.438139593
3001,BOSTON ST,tree of heaven,-8523870.443719488,4761365.3561661905
3001,BOSTON ST,tree of heaven,-8523992.081451448,4761385.438053114
3001,BOSTON ST,tree of heaven,-8523992.504837604,4761384.644311062
3001,BOSTON ST,tree of heaven,-8523872.48104692,4761366.692339416
3001,BOSTON ST,tree of heaven,-8524016.008575326,4761385.618968712
3001,BOSTON ST,tree of heaven,-8523968.930470891,4761377.990065236
3001,BOSTON ST,tree of heaven,-8523875.074013922,4761365.854559385
3001,BOSTON ST,tree of heaven,-8523970.756067123,4761378.228192455
3001,BOSTON ST,tree of heaven,-8523877.252366226,4761367.5743015595
3001,BOSTON ST,tree of heaven,-8523972.66106995,4761378.148814299
3001,BOSTON ST,tree of heaven,-8523877.710934235,4761366.542387536
3001,BOSTON ST,tree of heaven,-8523972.184822733,4761379.7363554565
3001,BOSTON ST,tree of heaven,-8523882.297030615,4761372.1604330195
3001,BOSTON ST,tree of heaven,-8523973.692946184,4761379.912754459
3001,BOSTON ST,tree of heaven,-8523972.087816559,4761381.861826736
3001,BOSTON ST,tree of heaven,-8523972.317131117,4761384.613451839
3001,BOSTON ST,tree of heaven,-8523974.839478955,4761382.3203754965
3001,BOSTON ST,tree of heaven,-8523897.7399195,4761368.615062668
827,MONTPELIER ST,tree of heaven,-8527745.832368571,4768288.630863443
4000,OLD YORK ROAD,tree of heaven,-8527980.020198118,4770242.526203643
140,N JANNEY ST,tree of heaven,-8522751.31840249,4763891.982891209
6200,E PRATT ST,tree of heaven,-8520479.95498947,4763921.446233618
6200,E PRATT ST,tree of heaven,-8520483.394456092,4763921.962179725
6200,E PRATT ST,tree of heaven,-8520485.114255961,4763921.962184435
3001,BOSTON ST,tree of heaven,-8523871.92542504,4761364.946181175
3001,BOSTON ST,tree of heaven,-8523873.195402028,4761365.422381153
2801,HARFORD ROAD,tree of heaven,-8525782.611655377,4767557.541097919
2801,HARFORD ROAD,tree of heaven,-8525880.242787015,4767370.017705551
2801,HARFORD ROAD,tree of heaven,-8525876.98847018,4767370.097101495
2801,HARFORD ROAD,tree of heaven,-8525873.25785636,4767368.985818227
2801,HARFORD ROAD,tree of heaven,-8525821.902243769,4767302.072765405
2801,HARFORD ROAD,tree of heaven,-8525822.060880389,4767303.025205043
2801,HARFORD ROAD,tree of heaven,-8525789.993427422,4767553.651655951
2801,HARFORD ROAD,tree of heaven,-8525787.135941552,4767553.889781676
2801,HARFORD ROAD,tree of heaven,-8525785.151604591,4767555.715466105
100,S LINWOOD AVE,tree of heaven,-8524441.492826,4763030.039216619
1911,E COLD SPRING LANE,tree of heaven,-8525577.45055604,4770487.655230326
5630,GARDENVILLE AVE,tree of heaven,-8520319.643700538,4769978.012086001
4310,ARABIA AVE,tree of heaven,-8523900.59064986,4770229.913774192
5001,LOCH RAVEN BLVD,tree of heaven,-8526055.518804897,4772089.812337527
4911,ARABIA AVE,tree of heaven,-8523026.571151305,4771283.003948846
2700,E COLD SPRING LANE,tree of heaven,-8524003.277914042,4771229.632282533
2700,GRINDON AVE,tree of heaven,-8524131.839044599,4771267.247158787
2507,LIST AVE,tree of heaven,-8524061.380453432,4771251.275130584
3012,CHRISTOPHER AVE,tree of heaven,-8522029.569072485,4773049.836243693
2206,E COLD SPRING LANE,tree of heaven,-8524579.10528482,4771269.0790051
2500,E COLD SPRING LANE,tree of heaven,-8524186.005156789,4771319.896590818
4130,LINKWOOD ROAD,tree of heaven,-8529682.110710165,4769962.302071243
4130,LINKWOOD ROAD,tree of heaven,-8529978.37335933,4770698.884017913
4130,LINKWOOD ROAD,tree of heaven,-8529979.9784255,4770697.2789143445
4130,LINKWOOD ROAD,tree of heaven,-8529980.322491009,4770695.903165849
4130,LINKWOOD ROAD,tree of heaven,-8529978.373300787,4770696.017801058
4130,LINKWOOD ROAD,tree of heaven,-8529816.598385394,4770215.340645582
4130,LINKWOOD ROAD,tree of heaven,-8529713.18157411,4769984.774010143
200,WYMAN PARK DR,tree of heaven,-8529716.735863084,4769943.269716591
2800,ROSELAWN AVE,tree of heaven,-8522846.512072226,4773155.391648269
2816,HAMILTON AVE,tree of heaven,-8522957.997533467,4772457.892430179
2816,HAMILTON AVE,tree of heaven,-8522958.950054493,4772459.109594994
2816,HAMILTON AVE,tree of heaven,-8522959.95551744,4772460.220810793
4130,LINKWOOD ROAD,tree of heaven,-8529915.658255545,4770562.456163565
4130,LINKWOOD ROAD,tree of heaven,-8529915.887549445,4770565.43712038
4420,LINKWOOD ROAD,tree of heaven,-8529921.73425986,4770789.095543379
4420,LINKWOOD ROAD,tree of heaven,-8529919.617684228,4770790.224404038
4420,LINKWOOD ROAD,tree of heaven,-8529898.794894261,4770946.2446904825
4420,LINKWOOD ROAD,tree of heaven,-8529911.133280396,4770737.162230297
4420,LINKWOOD ROAD,tree of heaven,-8529913.65572365,4770738.6527329115
4420,LINKWOOD ROAD,tree of heaven,-8529912.509170383,4770740.8310997905
4420,LINKWOOD ROAD,tree of heaven,-8529923.850939598,4770853.159857634
4420,LINKWOOD ROAD,tree of heaven,-8529926.390925359,4770733.638877414
2800,GIBBONS AVE,tree of heaven,-8523124.738895869,4772431.493332985
5408,HAMLET AVE,tree of heaven,-8523276.096805321,4772687.579476268
5408,HAMLET AVE,tree of heaven,-8523276.837602498,4772686.3623593785
5408,HAMLET AVE,tree of heaven,-8523277.207986383,4772686.09777029
5001,LOCH RAVEN BLVD,tree of heaven,-8525731.360638931,4772064.673899598
5001,LOCH RAVEN BLVD,tree of heaven,-8525393.653412748,4771745.938895644
2607,CREIGHTON AVE,tree of heaven,-8521845.72684231,4774973.513567088
2211,WOODBOURNE AVE,tree of heaven,-8523715.963722192,4772847.781182739
701,W COLD SPRING LANE,tree of heaven,-8530514.748944107,4770904.30710176
701,W COLD SPRING LANE,tree of heaven,-8530515.092856782,4770906.25616899
701,W COLD SPRING LANE,tree of heaven,-8530521.398837246,4770994.080213515
514,BEAUMONT AVE,tree of heaven,-8527999.264299734,4772172.639213295
3401,TAYLOR AVE,tree of heaven,-8520148.277072834,4774559.844940952
5500,CHINQUAPIN PKWY,tree of heaven,-8526879.913424227,4773262.913708573
2101,E NORTHERN PKWY,tree of heaven,-8523460.596622095,4774578.503852642
6000,NORTHWOOD DR,tree of heaven,-8527116.374203,4774191.4594634455
6000,NORTHWOOD DR,tree of heaven,-8527110.92368151,4774193.046981681
5500,CHINQUAPIN PKWY,tree of heaven,-8526684.59442179,4772904.203888371
6104,NORTHWOOD DR,tree of heaven,-8527116.324968161,4774478.504530711
6102,NORTHWOOD DR,tree of heaven,-8527115.213672014,4774468.926637438
513,WALKER AVE,tree of heaven,-8527958.666362418,4774997.572323512
3540,S HANOVER ST,tree of heaven,-8528236.042768506,4756033.215406117
6235,YORK ROAD,tree of heaven,-8528152.07680247,4774841.124288698
3540,S HANOVER ST,tree of heaven,-8528240.23198246,4756021.3180880165
1000,FRANKFURST AVE,tree of heaven,-8526228.246068127,4756116.819206217
1000,FRANKFURST AVE,tree of heaven,-8526234.454982249,4756127.120373858
2614,FLEET ST,tree of heaven,-8524755.328966716,4762607.134172729
911,N EDEN ST,tree of heaven,-8526974.527586993,4764930.283908236
5006,REMMELL AVE,tree of heaven,-8522360.125554614,4770531.053440763
402,N LAKEWOOD AVE,tree of heaven,-8524775.322209114,4764144.078569166
2500,E FAYETTE ST,tree of heaven,-8525063.87555172,4763961.125116908
1832,N COLLINGTON AVE,tree of heaven,-8525685.571512798,4766415.150859359
316,N SCHROEDER ST,tree of heaven,-8530868.551580958,4763730.063722188
2914,ORLEANS ST,tree of heaven,-8524327.008237164,4764291.743623487
2914,ORLEANS ST,tree of heaven,-8524339.311307581,4764283.409249676
401,S STRICKER ST,tree of heaven,-8531525.655607989,4762317.402621908
1518,RAMSAY ST,tree of heaven,-8531705.641990032,4762343.900167207
3001,BOSTON ST,tree of heaven,-8524176.011504453,4761536.136582475
420,N ELLWOOD AVE,tree of heaven,-8524210.760999225,4764147.072555172
1200,S HAVEN ST,tree of heaven,-8523176.563486626,4761495.68726424
4101,BOSTON ST,tree of heaven,-8522809.119222479,4761472.783166695
351,S MOUNT ST,tree of heaven,-8531879.64705542,4762334.590029336
101,N FULTON AVE,tree of heaven,-8532105.465843258,4763256.388102198
27,N FULTON AVE,tree of heaven,-8532102.02366113,4763173.387058898
510,N CLINTON ST,tree of heaven,-8523814.523408134,4764371.691967554
502,N CLINTON ST,tree of heaven,-8523813.173988424,4764348.117526909
3347,CLIFTMONT AVE,tree of heaven,-8523814.818943545,4767263.861047012
800,W FRANKLIN ST,tree of heaven,-8530444.131529048,4763902.578628381
519,N MONROE ST,tree of heaven,-8532295.707923401,4763966.355006197
524,QUAIL ST,tree of heaven,-8521984.572785951,4762748.226306878
720,OLDHAM ST,tree of heaven,-8522147.9226725,4762506.461239276
601,OLDHAM ST,tree of heaven,-8522119.97764003,4762721.512224927
721,OLDHAM ST,tree of heaven,-8522118.686132345,4762507.263796396
719,OLDHAM ST,tree of heaven,-8522118.68617884,4762508.983563167
531,N GILMOR ST,tree of heaven,-8531822.342822757,4764044.549143887
2720,BERYL AVE,tree of heaven,-8524748.80053483,4765194.036936197
3301,LAKE AVE,tree of heaven,-8523689.95248542,4767758.003700905
4311,ERDMAN AVE,tree of heaven,-8523232.536454014,4766370.502545521
932,PONCA ST,tree of heaven,-8522012.36220858,4762148.805442263
1500,PONCA ST,tree of heaven,-8522036.307783213,4761484.383254807
3200,JAMES ST,tree of heaven,-8534249.42195545,4758877.652067536
4328,E EAGER ST,tree of heaven,-8522704.41234519,4765229.730971025
740,N KRESSON ST,tree of heaven,-8522747.939466724,4764982.85998753
4711,ERDMAN AVE,tree of heaven,-8522751.744840896,4765891.762125151
2700,W FRANKLIN ST,tree of heaven,-8533912.243084278,4763788.868387075
3001,EDMONDSON AVE,tree of heaven,-8534384.171133175,4763882.803284875
2601,LAURETTA AVE,tree of heaven,-8533690.866280515,4763850.304547037
1957,W MULBERRY ST,tree of heaven,-8532511.326135289,4763696.521909843
1032,HAVERHILL ROAD,tree of heaven,-8535720.010765377,4760195.032305297
5601,PULASKI HWY,tree of heaven,-8521533.922388835,4764900.481095688
5700,ERDMAN AVE,tree of heaven,-8521316.864455532,4764752.486079427
103,N KRESSON ST,tree of heaven,-8522610.235794706,4763916.378381761
201,N KRESSON ST,tree of heaven,-8522617.48540562,4764075.604573893
201,N KRESSON ST,tree of heaven,-8522619.07295946,4764075.657476541
2708,W BALTIMORE ST,tree of heaven,-8533684.000363981,4762966.754039087
100,N WARWICK AVE,tree of heaven,-8533330.5772466,4763203.960392644
100,N WARWICK AVE,tree of heaven,-8533327.560993953,4763201.111809807
2900,W BALTIMORE ST,tree of heaven,-8534240.26288065,4763006.457625688
1801,HOLLINS ST,tree of heaven,-8532213.436627172,4762882.001013601
104,S FULTON AVE,tree of heaven,-8532098.913093058,4762718.088860895
1801,HOLLINS ST,tree of heaven,-8532245.10720302,4762866.126061263
3000,W BALTIMORE ST,tree of heaven,-8534705.209345546,4762723.273617641
909,DESOTO ROAD,tree of heaven,-8534562.621730816,4761033.512310523
3006,HARFORD ROAD,tree of heaven,-8525516.397136563,4768389.63353829
5003,HOLABIRD AVE,tree of heaven,-8521837.038887026,4760645.327932593
5400,O'DONNELL ST CUT OFF,tree of heaven,-8521434.35175444,4761922.425305789
5003,HOLABIRD AVE,tree of heaven,-8521837.61217177,4760653.926866091
2930,FREDERICK AVE,tree of heaven,-8534115.740815327,4761830.64696443
2,S MOUNT OLIVET LANE,tree of heaven,-8534698.139528845,4762698.1185498
2,S MOUNT OLIVET LANE,tree of heaven,-8534704.965825748,4762700.3410100015
6200,PULASKI HWY,tree of heaven,-8520432.304879421,4765379.332710669
2729,FENWICK AVE,tree of heaven,-8525975.852486577,4768060.248891165
820,BELGIAN AVE,tree of heaven,-8527281.959144102,4770713.20553005
934,NORTH HILL ROAD,tree of heaven,-8527223.82151993,4770144.10470366
944,NORTH HILL ROAD,tree of heaven,-8527179.37147989,4770178.818031854
2709,FREDERICK AVE,tree of heaven,-8533640.065138677,4761853.066753849
2928,THE ALAMEDA,tree of heaven,-8526449.662446864,4768424.252480056
1207,DARLEY AVE,tree of heaven,-8526960.860325199,4767055.344354366
2121,AIKEN ST,tree of heaven,-8527064.210268939,4766820.760474436
2340,GARRETT AVE,tree of heaven,-8527128.112564484,4767220.276621023
2121,AIKEN ST,tree of heaven,-8527066.27404702,4766818.008746313
1450,HOMESTEAD ST,tree of heaven,-8526827.358682353,4767983.994467755
524,HURLEY AVE,tree of heaven,-8534120.448615627,4761533.648820893
1000,E NORTH AVE,tree of heaven,-8527639.846832003,4766466.157358981
900,MONTPELIER ST,tree of heaven,-8527622.196320368,4768369.783005104
201,S ATHOL AVE,tree of heaven,-8536745.404478133,4762419.370971685
4210,VERMONT AVE,tree of heaven,-8536605.608234666,4762729.766953764
201,S ATHOL AVE,tree of heaven,-8536741.98345715,4762361.3289943775
1302,MCCULLOH ST,tree of heaven,-8530204.312294625,4765082.811139666
3311,W FOREST PARK AVE,tree of heaven,-8535169.745078128,4768096.03035156
2224,PARK AVE,tree of heaven,-8530448.736430096,4767062.32926672
2226,PARK AVE,tree of heaven,-8530447.184218975,4767063.599187442
2306,MOUNT ROYAL TERR,tree of heaven,-8530312.310191523,4767020.5007842425
3421,HARLEM AVE,tree of heaven,-8535427.573385889,4763972.204966625
3421,HARLEM AVE,tree of heaven,-8535425.932922022,4763961.621648332
507,DENISON ST,tree of heaven,-8535307.08430791,4763734.007335528
627,N EDGEWOOD ST,tree of heaven,-8535482.303850962,4764051.873496514
523,DENISON ST,tree of heaven,-8535311.011837797,4763797.144673909
627,N EDGEWOOD ST,tree of heaven,-8535478.229317466,4764051.873467077
400,N EDGEWOOD ST,tree of heaven,-8535480.621358713,4763579.519426826
400,N EDGEWOOD ST,tree of heaven,-8535481.536494313,4763577.703641715
3600,EDMONDSON AVE,tree of heaven,-8535730.559528297,4763882.799288231
626,N EDGEWOOD ST,tree of heaven,-8535537.043835444,4764050.886124627
2700,MADISON AVE,tree of heaven,-8532065.609914023,4767070.789125446
13,N BEECHFIELD AVE,tree of heaven,-8537505.299248705,4762626.098634407
822,ALLENDALE ST,tree of heaven,-8535829.387706317,4764352.147452911
835,ALLENDALE ST,tree of heaven,-8535609.248049095,4764332.460320483
741,LINNARD ST,tree of heaven,-8535446.341358576,4764212.488407585
609,W LANVALE ST,tree of heaven,-8530534.136966633,4764717.3735771775
1311,ARGYLE AVE,tree of heaven,-8530606.288923396,4764712.69046196
1311,ARGYLE AVE,tree of heaven,-8530608.74952774,4764716.024196618
631,W LAFAYETTE AVE,tree of heaven,-8530679.790014949,4764790.081053525
800,LYNDHURST ST,tree of heaven,-8536155.922581626,4764226.217196721
800,LYNDHURST ST,tree of heaven,-8536160.19615055,4764226.262222169
800,LYNDHURST ST,tree of heaven,-8536165.117460772,4764225.99763827
800,N AUGUSTA AVE,tree of heaven,-8536565.000166127,4764207.460472097
1216,MOSHER ST,tree of heaven,-8531314.622519061,4764764.1810493935
1000,N STRICKER ST,tree of heaven,-8531729.435982388,4764747.036012127
909,N STRICKER ST,tree of heaven,-8531687.444240924,4764623.779637218
3620,GREENMOUNT AVE,tree of heaven,-8528138.452658942,4769494.96814764
1718,W LANVALE ST,tree of heaven,-8532069.33494393,4764432.105631467
5412,FREDERICK AVE,tree of heaven,-8538972.833355704,4761817.950522959
1211,HARLEM AVE,tree of heaven,-8531352.63031784,4764187.911042664
4700,N FRANKLINTOWN ROAD,tree of heaven,-8537660.485791706,4765367.356899392
4700,N FRANKLINTOWN ROAD,tree of heaven,-8537658.422088604,4765365.293214377
4700,N FRANKLINTOWN ROAD,tree of heaven,-8537657.855492419,4765372.317385122
4700,N FRANKLINTOWN ROAD,tree of heaven,-8537660.168270512,4765369.420633753
3025,HARLEM AVE,tree of heaven,-8534590.470800793,4764121.900057676
3234,PRESSTMAN ST,tree of heaven,-8535085.607684636,4765399.695625906
201,SAINT MARTINS ROAD,tree of heaven,-8528597.456940545,4769660.764973129
201,SAINT MARTINS ROAD,tree of heaven,-8528594.758199826,4769665.368655881
3246,ABELL AVE,tree of heaven,-8528476.674117923,4768784.871923034
1100,E 25TH ST,tree of heaven,-8527008.219123589,4767277.744975975
301,E UNIVERSITY PKWY,tree of heaven,-8528576.873511462,4769011.607033443
3300,EDMONDSON AVE,tree of heaven,-8535049.19638772,4764047.916726696
3300,EDMONDSON AVE,tree of heaven,-8535163.118545907,4764001.977644427
2928,EDMONDSON AVE,tree of heaven,-8534393.072640233,4763944.735796316
1375,N STRICKER ST,tree of heaven,-8531655.699151345,4765478.414719662
2601,GARRISON BLVD,tree of heaven,-8535613.758828854,4767318.085857581
2638,EDMONDSON AVE,tree of heaven,-8533808.281976402,4763971.814422065
2544,ARUNAH AVE,tree of heaven,-8533514.261095123,4764117.769235877
2547,CALVERTON HEIGHTS AVE,tree of heaven,-8533525.401265418,4764357.8784612
1000,N WHEELER AVE,tree of heaven,-8533369.715884352,4764922.481257543
4429,CLIFTON ROAD,tree of heaven,-8537045.056742894,4766878.582070505
1522,N BENTALOU ST,tree of heaven,-8533191.014684394,4765627.452417569
2759,BAKER ST,tree of heaven,-8534093.210292818,4765560.852645337
1801,POPLAR GROVE ST,tree of heaven,-8534377.089193154,4765926.241410591
2735,PRESBURY ST,tree of heaven,-8533963.888717208,4765782.1301872
1418,N DUKELAND ST,tree of heaven,-8534171.870954348,4765327.887045678
1700,ASHBURTON ST,tree of heaven,-8534005.242990566,4765799.67200483
1800,BRADDISH AVE,tree of heaven,-8533886.89499256,4765939.689393493
